ISO_3DIGIT,Jan_Temp,Feb_temp,Mar_temp,Apr_Temp,May_temp,Jun_Temp,July_Temp,Aug_Temp,Sept_temp,Oct_temp,Nov_Temp,Dec_temp,Annual_temp,Jan_precip,Feb_precip,Mar_precip,Apr_precip,May_precip,Jun_precip,July_precip,Aug_precip,Sept_precip,Oct_precip,Nov_precip,Dec_precip,Annual_precip,tropical,labels
AFG,0.07,2.11,7.6,13.37,18.22,23.2,25.26,23.77,19.03,12.99,7.0,2.43,12.92,4.328,4.918,6.497000000000001,4.941,2.418,0.456,0.8029999999999999,0.774,0.3670000000000001,0.9359999999999999,1.541,3.154,31.131999999999998,False,1
AGO,22.58,22.68,22.78,22.35,20.74,18.37,17.95,19.9,22.19,23.18,22.79,22.61,21.51,15.499,14.854,16.991,10.907,1.514,0.037000000000000005,0.032,0.341,2.01,6.976999999999999,14.450999999999999,15.515999999999998,99.131,True,2
ALB,2.02,3.22,6.04,9.92,14.44,17.93,20.54,20.48,17.16,12.27,7.58,3.65,11.27,10.8,10.263,9.343,8.616,7.427,5.457999999999998,3.907,4.57,6.7570000000000014,10.526,13.825999999999999,13.830000000000002,105.324,False,0
ARE,18.43,19.43,22.61,26.58,30.62,32.46,33.8,33.55,31.74,28.34,24.06,20.28,26.83,0.596,2.218,1.659,0.8960000000000001,0.10800000000000001,0.109,0.228,0.141,0.05,0.043,0.174,0.5599999999999999,6.7810000000000015,False,1
ARG,20.8,19.9,17.51,14.05,10.65,7.66,7.42,9.02,11.53,14.67,17.54,19.83,14.22,6.8370000000000015,6.365,6.9529999999999985,4.648,3.628,2.8080000000000003,2.589,2.41,3.007,4.772,5.557,6.33,55.905,False,0
ARM,-8.66,-6.65,-0.57,6.62,11.43,15.58,19.82,19.28,14.97,7.92,1.62,-4.87,6.37,2.084,2.593,4.011,5.973,8.285,6.805,4.306,3.597,2.943,4.213,3.0789999999999997,2.34,50.228,False,3
AUS,27.78,27.23,25.37,21.87,17.86,14.83,13.95,15.71,18.89,22.46,25.13,26.99,21.51,8.056000000000001,7.581,6.1979999999999995,3.112,3.0,2.383,2.33,2.027,1.784,2.4370000000000003,3.31,5.0920000000000005,47.309,False,1
AUT,-3.52,-1.99,1.42,5.51,10.12,13.29,15.26,14.98,12.09,7.55,1.73,-2.21,6.19,6.7700000000000005,6.5909999999999975,7.5920000000000005,9.07,11.336,13.765999999999998,13.7,13.142,9.491,7.7150000000000025,9.221,7.7239999999999975,116.118,False,3
AZE,-0.2,0.8,4.97,11.64,16.8,21.73,24.76,24.11,19.83,12.88,7.33,2.03,12.22,2.468,2.7430000000000003,4.0520000000000005,4.843999999999999,5.683,5.086,2.52,2.309,3.415,4.541,3.05,2.676,43.38800000000001,False,1
BDI,20.24,20.39,20.43,20.37,20.05,19.37,19.36,20.44,21.16,20.98,20.24,20.17,20.27,15.409,13.905,17.024,19.373,9.437000000000001,1.222,0.375,1.385,5.613,9.615,17.195,15.727,126.281,True,2
BEL,1.95,2.62,5.23,8.15,12.4,15.43,17.24,17.18,14.43,10.68,5.76,3.11,9.51,7.445,5.944,7.445,5.9460000000000015,7.0180000000000025,7.892,7.572,6.805,6.686,7.74,8.599,8.337,87.42999999999998,False,3
BEN,26.57,28.69,30.14,30.2,28.93,27.13,25.84,25.44,25.9,27.15,27.15,26.39,27.46,0.21600000000000005,0.8150000000000001,3.599,6.976000000000001,11.889,15.380999999999998,18.024,19.631,18.095,7.612,0.8690000000000001,0.322,103.427,True,2
BFA,25.0,27.84,30.63,32.05,31.47,29.23,27.11,26.36,26.97,28.71,27.47,25.25,28.18,0.027000000000000003,0.102,0.8230000000000001,2.806,6.420999999999999,10.232,17.288,21.539,14.188999999999998,3.64,0.279,0.08199999999999999,77.429,True,2
BGD,18.63,21.02,25.42,28.02,28.45,28.46,28.3,28.39,28.36,27.17,23.7,19.74,25.47,0.6509999999999999,1.642,4.526,13.830000000000002,25.617,44.31399999999999,48.77200000000001,37.762,29.607,16.054000000000002,3.04,0.8380000000000001,226.652,True,2
BGR,-1.18,0.87,4.7,9.92,14.99,18.64,20.85,20.49,16.85,11.48,5.95,1.21,10.4,4.338,4.377000000000002,4.458,5.287000000000001,6.6789999999999985,6.926,5.119,4.205,3.69,4.096,5.604,5.505,60.284000000000006,False,0
BHS,21.65,21.88,23.0,24.21,25.77,27.23,27.95,27.99,27.68,26.45,24.44,22.52,25.06,4.545,4.547,5.136,6.5950000000000015,16.15,18.92,12.861,16.628999999999998,17.538999999999998,14.216,6.581,4.288,128.00799999999998,True,2
BIH,-1.36,0.4,4.01,8.44,12.94,16.33,18.52,18.48,14.94,9.95,4.81,0.73,9.02,8.086,7.612,7.7189999999999985,8.921,9.558,10.031,8.383,8.399,8.459999999999999,8.776,11.048,10.183,107.176,False,3
BLR,-6.8,-5.5,-0.69,6.92,13.44,16.54,17.72,16.95,12.42,6.9,1.21,-3.58,6.29,3.529,2.869,3.358,3.944,5.306,7.790000000000001,8.24,6.8450000000000015,5.532,4.39,4.723,4.479,61.00700000000001,False,3
BLZ,22.37,23.04,24.45,25.87,26.91,26.93,26.45,26.66,26.49,25.42,23.56,22.62,25.06,12.11,6.728,5.2639999999999985,6.0329999999999995,13.492,26.284,29.83,24.469,28.737,24.419,17.144000000000002,14.416,208.926,True,2
BOL,22.57,22.43,22.07,21.0,19.25,17.65,17.77,19.43,21.33,22.51,22.91,22.78,20.98,17.982,16.758000000000006,14.246,8.047,4.973,3.027,2.086,2.623,4.393,7.83,11.358,16.233,109.556,True,2
BRA,25.58,25.65,25.49,25.05,24.19,23.29,23.24,24.23,25.13,25.73,25.74,25.66,24.92,22.646,21.78,23.603,18.487000000000002,13.086000000000002,8.193000000000001,6.516,5.776,7.691,12.449000000000002,15.82,20.252,176.297,True,2
BRN,25.34,25.47,25.92,26.45,26.51,26.26,26.04,26.08,26.05,25.92,25.48,25.69,25.93,34.771,17.535999999999998,19.581,23.731,28.629,22.315,21.621,22.594,26.416000000000004,30.476,33.417,34.991,316.0780000000001,True,2
BTN,0.56,2.17,5.68,8.78,11.53,14.39,14.8,14.59,13.35,9.69,5.29,2.07,8.58,0.6579999999999999,0.805,2.692,9.384,16.247999999999998,36.628,44.62300000000001,33.003,23.827,8.485,1.284,0.41,178.046,False,3
BWA,26.31,25.42,24.3,21.42,17.6,14.29,14.21,17.16,21.36,24.28,25.5,25.89,21.48,8.976,7.7,5.337999999999999,3.147,0.4900000000000001,0.123,0.033,0.06,0.5700000000000001,2.1710000000000003,4.599,6.2410000000000005,39.448,False,1
CAF,24.28,26.01,26.96,26.76,25.88,24.65,23.77,23.71,23.84,24.31,24.25,23.65,24.84,0.6809999999999999,1.565,5.84,9.595,14.462,16.627000000000002,20.648000000000003,22.971,21.836,16.586000000000002,3.74,0.919,135.467,True,2
CAN,-24.62,-23.25,-18.72,-9.79,-0.29,7.24,11.11,9.52,3.45,-4.36,-14.5,-21.52,-7.14,2.8739999999999997,2.317,2.531,2.4859999999999998,3.282,4.852,5.891,5.643,4.8660000000000005,4.136,3.686,3.1830000000000003,45.747,False,3
CHE,-3.24,-2.32,0.09,3.35,7.44,10.78,13.03,12.54,10.14,6.08,1.05,-1.96,4.75,11.989,10.951,12.032,14.074000000000002,15.369000000000002,16.922,16.165,17.628,12.883,11.185,12.852,12.592,164.64100000000005,False,3
CHL,12.68,12.2,10.87,8.62,6.29,4.4,4.04,4.84,6.32,8.22,10.12,11.85,8.37,3.3810000000000002,3.403,3.528,4.704,8.151,8.440999999999999,8.8,7.3370000000000015,4.892,3.781,3.075,3.624,63.117,False,3
CHN,-8.49,-5.91,0.49,7.59,13.07,17.07,19.37,18.48,13.87,7.37,-0.49,-6.51,6.33,1.056,1.5319999999999998,2.504,4.298,6.1960000000000015,8.885,10.861,9.784,6.1720000000000015,3.4170000000000003,1.794,0.978,57.477,False,3
CIV,25.84,27.77,28.25,28.05,27.19,25.88,24.87,24.74,25.27,25.99,26.32,25.43,26.3,1.019,3.656,8.084,12.053,16.122999999999998,21.275,15.802,16.805999999999994,19.582,12.986,5.975,2.244,135.608,True,2
CMR,23.88,25.36,26.27,26.43,25.52,24.34,23.37,23.29,23.73,24.28,24.25,23.61,24.53,1.496,2.946,9.006,13.362,17.645,17.072,19.603,22.785,26.320999999999998,22.25500000000001,7.025,1.7899999999999998,161.30700000000004,True,2
COD,24.14,24.5,24.73,24.63,24.35,23.31,22.82,23.51,24.08,24.27,24.13,23.99,24.04,12.653,12.287,16.564,16.085,11.015,6.184,6.3279999999999985,9.191,12.666,17.088,18.115,15.329,153.504,True,2
COG,24.7,25.31,25.6,25.62,25.26,23.82,23.03,23.34,24.05,24.54,24.52,24.47,24.52,11.748,12.72,17.043,17.546,15.977,6.935,4.654999999999999,7.734,14.063999999999998,20.292,21.296,13.497,163.505,True,2
COL,24.62,24.98,25.14,24.75,24.35,23.89,23.79,24.04,24.21,24.29,24.38,24.39,24.4,11.163,11.687999999999999,16.563,25.556,30.301,29.3,26.07,24.524,23.402,27.067,21.803,14.421,261.85900000000004,True,2
COM,25.09,25.11,25.2,24.98,23.96,22.5,21.97,22.18,22.8,23.91,24.9,25.24,23.99,30.343000000000004,23.688,21.893,23.739,15.748,13.043,11.472,8.995000000000003,3.037,5.301,8.554,18.827,184.639,True,2
CRI,23.17,23.67,24.62,25.04,24.6,23.99,24.05,23.85,23.68,23.43,23.06,23.04,23.85,12.937000000000001,7.8039999999999985,7.305,14.300999999999998,30.48,38.105,35.221,39.287,39.26000000000001,46.044,34.236999999999995,21.844,326.827,True,2
CUB,22.21,22.39,23.75,24.79,26.06,26.91,27.44,27.43,26.98,26.06,24.5,23.05,25.13,3.63,3.863,4.857,7.3450000000000015,17.607,19.87,14.483,16.601,19.1,15.727,6.7150000000000025,3.15,132.94899999999998,True,2
CYP,10.64,11.07,12.99,16.58,20.54,24.47,27.05,27.05,24.78,20.81,16.19,12.39,18.71,8.556000000000001,7.1530000000000005,5.114,2.65,1.749,0.449,0.13799999999999998,0.248,0.503,2.782,4.9,9.384,43.625,False,1
CZE,-2.81,-1.06,2.8,7.49,12.3,15.41,17.11,16.9,13.49,8.59,2.82,-1.06,7.67,3.958,3.654,3.952,4.63,7.354999999999999,8.517000000000001,7.923999999999999,7.9,5.24,4.158,4.823,4.589,66.7,False,3
DEU,-0.48,0.56,3.87,7.69,12.27,15.5,17.19,16.97,13.9,9.43,4.27,0.88,8.5,5.122000000000001,4.202,4.91,5.247999999999998,6.627000000000002,8.024,7.3679999999999986,7.237,5.754,5.034000000000002,5.902,5.922999999999999,71.35,False,3
DJI,23.31,24.14,25.75,27.37,29.2,31.39,32.38,31.83,30.09,27.4,25.18,23.67,27.64,0.8400000000000001,1.78,1.832,2.628,1.496,0.278,2.9539999999999997,4.016,1.287,0.742,0.981,0.7829999999999999,19.619,False,1
DNK,-0.11,-0.1,2.24,5.87,10.77,14.4,15.89,15.9,13.01,9.36,4.94,1.65,7.82,5.582000000000002,3.67,4.431,3.939,4.715,5.442,6.475,6.761,7.154999999999999,7.427,7.787000000000001,6.481,69.865,False,3
DOM,21.76,22.1,22.88,23.81,24.38,25.01,25.21,25.64,25.35,24.73,23.75,22.52,23.93,7.836,6.9670000000000005,5.292999999999998,9.993,19.279,13.062000000000001,12.292,12.111,15.127,16.253999999999998,13.522,9.971,141.707,True,2
DZA,12.12,14.79,17.91,21.94,26.41,30.8,32.54,31.97,28.82,23.34,17.31,12.95,22.58,0.899,0.86,0.9390000000000001,0.8039999999999999,0.6559999999999999,0.337,0.207,0.369,0.513,0.733,0.953,0.9279999999999999,8.197000000000001,False,1
ECU,21.71,21.78,21.93,21.96,21.54,20.87,20.41,20.71,20.97,21.26,21.3,21.5,21.33,18.937,20.845,23.87,24.074,18.507,15.691999999999998,11.612,10.242,11.269,13.887,12.455,13.138,194.527,True,2
EGY,12.93,14.6,17.83,22.44,26.26,28.82,29.12,29.1,27.28,24.1,18.68,14.28,22.12,0.453,0.278,0.327,0.235,0.238,0.184,0.236,0.27,0.133,0.261,0.235,0.442,3.2909999999999995,False,1
ERI,22.25,23.1,24.83,26.87,28.46,29.18,28.28,27.64,27.49,26.7,24.93,23.09,26.07,0.8029999999999999,0.564,0.615,1.032,1.314,1.73,7.2799999999999985,7.608,1.877,0.9259999999999999,0.976,1.0470000000000002,25.77,False,1
ESH,17.72,19.14,20.87,22.18,24.23,26.25,28.94,28.96,27.72,25.22,21.73,17.73,23.39,0.487,0.306,0.185,0.099,0.022,0.001,0.007000000000000001,0.1,0.617,0.305,0.65,0.805,3.583,False,1
ESP,5.59,6.76,8.6,10.65,14.27,18.49,22.03,21.83,19.01,14.03,8.97,6.07,13.03,6.426,6.2029999999999985,5.215,6.0280000000000005,5.5630000000000015,4.075,1.988,2.353,4.167,6.227,7.3489999999999975,6.705,62.299,False,0
EST,-6.51,-6.33,-2.35,3.93,10.35,14.72,16.52,15.63,11.0,6.26,0.85,-3.69,5.03,3.7960000000000003,2.775,3.002,3.63,4.35,5.3610000000000015,7.086,8.09,7.369,6.428,6.097,4.997,62.979,False,3
ETH,21.17,22.3,23.48,23.8,23.63,23.26,22.28,22.04,22.44,22.07,21.22,20.75,22.37,1.085,1.91,4.08,9.224,10.032,7.686,13.432,13.835,9.722,7.584,3.4159999999999995,1.045,83.051,True,2
FIN,-11.91,-11.03,-6.09,0.04,7.09,12.9,15.18,13.1,7.91,2.25,-4.04,-9.22,1.35,3.201,2.402,2.648,2.807,3.372,4.992,6.6770000000000005,7.282999999999999,5.819,5.039,4.579,3.652,52.47000000000001,False,3
FJI,24.86,25.19,25.0,24.41,22.99,22.34,21.38,21.62,21.97,22.81,23.58,24.31,23.37,39.677,33.229,47.581,32.488,15.647,14.075999999999999,10.44,12.671,12.667,17.996000000000006,25.903,28.137,290.511,True,2
FLK,9.37,9.48,8.41,6.25,3.95,2.62,2.02,2.58,3.65,5.45,7.04,8.66,5.79,6.733,4.702,5.3740000000000006,5.279999999999999,5.018,4.729,4.173,3.943,3.551,3.739,4.072,5.58,56.895,False,3
FRA,3.11,4.22,6.37,9.1,12.72,16.1,18.6,18.23,15.78,11.75,6.69,3.87,10.54,7.295,6.6579999999999995,6.670999999999999,6.651999999999999,7.9929999999999986,6.5950000000000015,5.4670000000000005,6.3729999999999976,6.773999999999999,7.8279999999999985,7.9650000000000025,7.620999999999999,83.89299999999999,False,0
GAB,25.72,25.94,26.14,26.09,25.73,24.09,22.98,23.35,24.57,25.22,25.13,25.04,25.0,14.752,15.524000000000001,22.087,20.836,17.872,4.296,0.92,1.994,11.247,28.692,28.638,15.085,181.94400000000002,True,2
GBR,2.99,2.97,4.66,6.74,9.82,12.77,14.44,14.29,12.21,9.47,5.52,3.85,8.31,12.112,8.391,9.932,6.867000000000001,7.353,7.376,7.438,9.285,10.616,11.912,11.92,12.228,115.43,False,3
GEO,-5.43,-3.98,0.72,7.62,12.26,15.67,18.8,18.45,14.63,8.74,3.26,-2.37,7.36,6.401999999999999,5.671,6.191,8.079,10.526,11.765,8.615,8.172,7.4209999999999985,7.923999999999999,7.4460000000000015,7.731,95.944,False,3
GHA,26.95,29.09,29.52,29.16,28.15,26.61,25.67,25.44,25.87,26.82,27.3,26.44,27.25,0.746,2.7430000000000003,7.168000000000001,10.434000000000001,14.825999999999999,18.372,15.507,14.337,17.66,11.453,3.656,1.592,118.494,True,2
GIN,24.25,26.2,27.63,28.23,27.47,25.58,24.52,24.12,24.64,25.13,25.08,23.71,25.55,0.225,0.944,2.638,6.38,13.157,21.349,31.71,38.56800000000001,32.532,17.067,4.186999999999999,0.599,169.356,True,2
GLP,23.61,23.43,23.81,24.41,25.31,26.05,26.25,26.33,26.13,25.7,25.15,24.12,25.02,19.431,14.041999999999998,14.524000000000001,21.342,25.916000000000004,23.119,25.342,29.188,31.043000000000006,36.557,36.583,27.165,304.252,True,2
GMB,23.87,25.88,27.32,28.25,28.53,28.55,27.36,26.73,26.73,27.59,26.52,23.93,26.77,0.035,0.027000000000000003,0.0,0.017,0.7290000000000001,8.561,22.913,31.904000000000003,25.303,8.954,0.5670000000000001,0.037000000000000005,99.048,True,2
GNB,24.26,26.2,27.85,28.91,28.83,27.58,26.17,25.67,26.17,26.86,26.56,24.24,26.61,0.0,0.03,0.011,0.236,4.221,17.740000000000006,39.621,48.547,35.120999999999995,16.544,2.461,0.16299999999999998,164.695,True,2
GNQ,24.57,25.1,25.04,24.79,24.72,23.76,22.75,22.82,23.77,23.92,24.13,24.14,24.13,11.129000000000001,12.921,22.193,22.569000000000006,24.984,11.535,5.468,8.501999999999999,23.98,40.707,25.193,12.149,221.331,True,2
GRC,4.74,5.8,8.19,11.93,16.42,20.48,22.95,22.77,19.52,14.55,10.21,6.29,13.66,8.148,7.275,6.367000000000001,4.712,4.297,2.8080000000000003,2.152,1.905,2.802,6.684,9.13,10.543,66.822,False,0
GTM,20.7,21.45,22.94,24.35,24.89,24.54,23.99,24.11,23.82,23.11,21.88,21.08,23.07,8.5,5.585,6.682,9.521,21.529,38.759,37.906,34.191,40.444,31.312,16.064,10.14,260.633,True,2
GUF,24.98,24.98,25.27,25.6,25.52,25.37,25.39,25.84,26.28,26.48,26.24,25.49,25.62,30.193,25.282,30.771,35.08,45.963,33.076,21.722,14.328,6.5489999999999995,6.15,10.866,24.184,284.163,True,2
GUY,25.23,25.3,25.65,25.86,25.79,25.38,25.33,25.79,26.39,26.66,26.46,25.7,25.8,17.654,12.947,14.842,20.2,34.12,35.505,29.118000000000002,20.4,11.0,10.087,12.042,18.553,236.469,True,2
HND,21.31,21.98,23.38,24.42,24.99,24.5,24.05,24.27,24.21,23.44,22.38,21.7,23.39,9.234,5.882999999999999,3.933,5.2170000000000005,15.162,26.851,25.322,21.72,26.012,24.88600000000001,17.730999999999995,12.625,194.576,True,2
HRV,-0.16,2.09,5.83,10.25,14.76,17.99,20.04,19.67,16.36,11.35,5.96,1.53,10.47,7.348000000000001,6.751,7.237999999999999,8.533999999999999,8.854000000000003,9.799,8.040000000000001,9.27,8.695,8.67,11.342,9.193999999999999,103.735,False,0
HTI,22.5,22.8,23.47,24.17,24.91,25.65,25.87,26.07,25.81,25.29,24.19,22.97,24.48,4.3,5.141,6.605,12.363,21.015,15.622,11.62,15.666999999999998,18.524,20.213,11.675,5.276,148.02,True,2
HUN,-2.03,0.85,5.44,10.72,15.49,18.52,20.11,19.7,16.13,10.81,4.89,0.11,10.06,3.4479999999999995,3.18,3.3510000000000004,4.327,5.98,7.626,6.016,6.228,4.142,3.548,5.075,4.255,57.175,False,0
IDN,25.51,25.62,25.79,26.02,26.04,25.59,25.27,25.39,25.63,25.99,25.98,25.8,25.72,28.008000000000006,24.631999999999998,28.273000000000003,27.167,25.116,19.219,17.160999999999998,16.85,18.382,21.39,25.495,28.46,280.154,True,2
IND,16.84,19.15,23.45,27.43,29.53,28.96,26.91,26.23,26.05,24.52,20.79,17.48,23.95,1.121,1.3219999999999998,1.8219999999999998,3.1460000000000004,5.553,15.54,26.692,24.932,16.308,6.886,2.611,1.287,107.22200000000001,True,2
IRL,4.64,4.69,6.0,7.69,10.07,12.8,14.53,14.28,12.46,10.08,6.61,5.45,9.11,12.197,8.644,9.008,6.587999999999999,7.681999999999999,6.711,6.619,8.84,9.971,11.597,11.243,11.963,111.06300000000002,False,3
IRN,4.39,6.43,11.33,16.82,22.06,26.53,28.59,27.28,23.51,17.85,11.75,6.58,16.93,3.567,3.2950000000000004,3.72,3.241,1.912,0.495,0.366,0.306,0.263,1.0070000000000001,1.6190000000000002,2.944,22.736,False,1
IRQ,8.88,11.13,15.12,20.71,26.53,30.78,33.3,32.89,29.44,23.58,16.08,10.51,21.58,3.304,2.997,3.107,2.878,1.189,0.081,0.025,0.031,0.035,0.82,2.147,3.0210000000000004,19.634,False,1
ISL,-3.17,-2.72,-2.61,-0.46,3.06,6.38,8.29,7.57,4.29,1.21,-2.34,-3.28,1.35,10.083,8.501000000000001,8.822000000000003,6.5710000000000015,5.8889999999999985,6.845999999999999,7.382999999999999,8.788,9.497,11.565999999999999,9.924,10.112,103.982,False,3
ISR,11.79,12.72,14.96,18.82,21.9,24.75,26.45,26.68,25.12,22.22,17.57,13.4,19.7,6.049,4.348,3.2700000000000005,1.241,0.155,0.001,0.009000000000000001,0.024,0.037000000000000005,0.978,2.755,6.002999999999999,24.869,False,1
ITA,3.32,4.35,6.52,9.61,13.78,17.52,20.31,20.14,17.19,12.86,8.01,4.4,11.5,7.757999999999999,7.188,7.459999999999999,7.9,7.415000000000001,6.746,5.6389999999999985,7.192,7.588999999999999,9.507,10.124,8.501000000000001,93.019,False,0
JAM,22.76,22.91,23.44,24.25,24.72,25.5,25.7,25.91,25.41,25.03,24.38,23.62,24.47,10.65,10.78,7.947999999999999,12.67,23.321,16.926,13.479,20.576,22.849,29.701,26.387,16.131999999999998,211.418,True,2
JOR,8.34,9.95,13.08,17.72,21.92,25.23,26.9,26.91,24.85,20.68,14.71,9.94,18.35,2.0940000000000003,1.877,1.895,0.8789999999999999,0.273,0.005,0.022,0.047,0.007000000000000001,0.402,0.959,1.77,10.231,False,1
JPN,-1.27,-0.89,2.52,8.7,13.52,17.34,21.34,22.74,18.76,12.78,7.05,1.75,10.36,7.425,7.372000000000001,9.703,12.416,13.898,20.68,21.204,18.756,19.324,12.619000000000002,9.807,7.172999999999999,160.376,False,0
KAZ,-12.31,-11.8,-3.96,8.24,15.8,20.97,23.4,20.88,15.0,6.18,-1.92,-8.64,5.99,1.6909999999999998,1.4069999999999998,1.785,2.355,2.54,2.516,2.714,2.032,1.6010000000000002,2.354,2.275,1.957,25.226,False,3
1,24.92,25.71,26.1,25.45,24.5,23.42,22.85,23.16,23.92,24.84,24.55,24.57,24.5,3.0940000000000003,2.699,6.055,13.885,8.982000000000003,3.4490000000000003,3.08,2.879,2.66,5.89,10.218,4.921,67.811,True,2
KGZ,-14.26,-12.72,-5.19,3.18,7.52,11.53,14.45,13.7,9.01,2.21,-5.27,-11.05,1.09,2.54,2.826,4.449,5.744,5.914,3.937,2.2350000000000003,1.4300000000000002,1.074,3.069,3.051,2.803,39.072,False,3
KHM,24.87,26.53,27.93,28.94,28.49,27.73,27.35,27.27,26.96,26.6,25.82,24.8,26.94,1.092,1.6010000000000002,4.189,7.93,19.84,27.831,29.122000000000003,31.924,31.698,23.61,10.092,2.938,191.868,True,2
KOR,-3.58,-1.48,3.66,10.29,15.51,19.78,23.31,23.88,18.8,12.7,5.71,-0.67,10.66,2.927,3.759,5.9700000000000015,10.472,10.193,17.764,29.201999999999998,25.276,15.422999999999998,6.035,5.104,2.3480000000000003,134.47299999999998,False,0
KSV,-2.72,-0.74,3.17,8.08,12.98,16.24,18.48,18.4,14.73,9.25,3.84,-0.62,8.42,6.6960000000000015,5.6530000000000005,6.729000000000001,7.366,8.795,8.259,6.581999999999999,5.9,6.432,6.976000000000001,8.856,8.020999999999999,86.264,False,3
KWT,12.35,14.66,19.23,24.21,30.66,34.72,36.25,35.88,32.78,27.13,19.89,14.08,25.15,2.28,1.435,1.5,1.656,0.481,0.019,0.039,0.042,0.025,0.173,1.378,1.83,10.859000000000002,False,1
LAO,18.69,20.6,23.01,25.21,25.9,25.75,25.49,25.2,24.83,23.62,21.27,19.03,23.22,1.944,1.826,3.866,9.715,18.965,27.101999999999997,28.159,34.092,24.746,15.187999999999999,7.4540000000000015,2.778,175.83499999999995,True,2
LBN,7.5,8.13,10.39,14.0,17.42,20.87,22.97,23.35,21.84,18.4,13.5,8.99,15.61,16.224,12.315,9.127,5.048,1.4340000000000002,0.228,0.0,0.012,0.229,4.0760000000000005,8.5,14.916999999999998,72.111,False,0
LBR,25.26,25.87,26.44,26.38,25.81,25.1,24.14,23.9,24.54,25.13,25.45,25.01,25.25,2.3760000000000003,6.9860000000000015,9.945,15.3,25.28,35.99800000000001,32.088,34.174,39.91,26.144,12.509,5.299,246.00799999999998,True,2
LBY,12.38,14.64,17.76,22.1,26.5,29.23,29.4,29.12,27.32,23.09,17.75,13.51,21.9,0.8720000000000001,0.4980000000000001,0.5489999999999999,0.284,0.16,0.047,0.044,0.11200000000000004,0.171,0.536,0.519,0.807,4.598,False,1
LKA,25.13,25.86,27.03,27.79,28.07,27.7,27.4,27.24,27.13,26.61,25.82,25.28,26.76,10.178,6.547999999999999,8.096,15.265,13.005,7.747999999999998,7.495,9.162,12.933000000000002,25.085,29.225,25.2,169.94099999999997,True,2
LSO,17.51,16.51,15.13,11.43,8.27,5.49,5.93,7.88,11.64,13.11,14.58,16.2,11.97,12.234000000000002,11.023,10.333,5.932,2.385,1.5230000000000001,1.288,2.327,3.5210000000000004,7.539,9.525,9.936,77.567,False,0
LTU,-5.47,-4.63,-0.47,5.95,12.18,15.59,16.89,16.43,12.14,7.22,1.83,-2.73,6.24,3.889,2.814,3.6020000000000003,4.0539999999999985,5.1,6.779999999999999,7.7159999999999975,7.555,6.7090000000000005,5.651,6.12,5.181,65.172,False,3
LUX,0.37,1.6,4.7,8.11,12.42,15.5,17.39,16.9,14.05,9.75,4.4,1.37,8.88,7.4289999999999985,6.061999999999999,7.1179999999999986,5.773,7.2200000000000015,7.633999999999999,6.944,7.043000000000001,5.984,6.98,8.227,8.466000000000001,84.881,False,3
LVA,-5.87,-5.3,-1.37,4.96,11.26,15.04,16.55,15.94,11.51,6.73,1.34,-3.28,5.63,3.809,2.759,3.3600000000000003,3.811,4.707,5.989,7.563,7.642,7.0870000000000015,5.901,6.121,5.1370000000000005,63.887,False,3
MAR,9.68,11.17,13.09,15.1,18.61,22.22,26.01,25.86,22.71,18.22,13.74,10.29,17.23,3.942,4.601,3.725,3.882,2.373,0.818,0.255,0.379,1.193,2.464,4.4030000000000005,4.191,32.227,False,1
MDA,-3.33,-1.73,2.93,10.25,16.05,19.38,20.96,20.58,16.44,10.41,4.48,-0.41,9.67,3.707,3.652,3.25,4.269,5.3740000000000006,7.377999999999999,6.809,4.745,4.526,2.5610000000000004,3.777,3.842,53.888999999999996,False,3
MDG,24.29,24.32,23.99,23.1,21.17,19.35,18.89,19.3,20.53,22.1,23.19,23.93,22.01,28.324,25.736,18.433,9.011,5.519,4.824,5.686999999999999,4.904999999999999,3.1860000000000004,6.087999999999999,11.804,24.05,147.56799999999996,True,2
MEX,14.8,16.2,18.44,21.28,23.46,24.96,24.9,24.7,23.58,21.07,17.79,15.36,20.54,2.318,1.59,1.314,1.7079999999999995,3.883,10.202,13.238,13.418,13.752,7.058,2.762,2.571,73.814,True,2
MKD,-0.98,1.05,4.77,9.23,13.99,17.42,19.85,19.73,16.31,10.78,5.37,0.73,9.85,4.727,4.228,5.131,5.234,6.945,5.7490000000000006,4.605,4.182,4.017,5.381,7.01,6.042000000000002,63.25,False,3
MLI,21.25,24.17,27.34,30.53,33.06,33.38,31.81,30.62,30.58,29.55,25.64,21.65,28.3,0.004,0.034,0.107,0.518,1.4340000000000002,3.678,7.5310000000000015,9.817,5.582000000000002,1.49,0.095,0.012,30.301,False,1
MMR,18.0,19.74,22.74,25.39,25.75,25.18,24.91,24.82,24.89,24.01,21.43,18.62,22.96,0.8310000000000001,1.237,2.121,6.352,19.926,38.551,40.808,39.56800000000001,26.921,17.684,5.587999999999999,1.183,200.77,True,2
MNE,-2.1,-0.75,2.53,6.87,11.6,14.97,17.55,17.54,13.96,8.87,3.89,-0.06,7.91,11.091,10.099,10.089,10.644,10.158,9.454,7.675,7.678,9.387,10.7,13.345999999999998,12.398,122.718,False,3
MNG,-20.56,-17.8,-8.8,1.69,9.8,15.16,17.2,15.47,9.23,0.77,-10.23,-17.93,-0.5,0.16399999999999998,0.172,0.39,0.953,1.737,3.737,6.4060000000000015,5.414,2.24,0.8160000000000001,0.445,0.24900000000000005,22.723000000000006,False,3
MOZ,26.03,25.89,25.48,24.15,22.04,20.0,19.63,20.99,23.13,24.98,25.93,26.03,23.69,19.613,18.922,16.340999999999998,8.398,3.29,2.072,1.8330000000000002,1.224,1.043,2.9210000000000003,7.398999999999999,17.724,100.781,True,2
MRT,20.3,22.66,25.29,27.95,31.3,33.21,33.3,32.28,31.2,29.38,24.96,20.49,27.69,0.057,0.06899999999999999,0.023,0.05500000000000002,0.07200000000000001,0.5509999999999999,1.8780000000000001,3.361,2.349,0.40700000000000003,0.1,0.08,9.0,False,1
MUS,25.5,25.6,25.48,24.62,22.89,21.34,20.65,20.38,20.9,22.0,23.43,24.74,23.13,26.581,28.384,24.558000000000003,22.385,15.624,12.197,12.193,10.502,6.95,6.994,9.133,19.801,195.302,True,2
MWI,23.49,23.37,23.25,22.31,20.31,18.42,18.05,19.5,22.01,24.28,24.78,23.98,21.98,23.296,20.985,20.631,10.076,2.515,1.0550000000000002,0.907,0.371,0.313,1.78,7.644,21.654,111.229,True,2
MYS,24.61,24.73,25.19,25.61,25.74,25.49,25.21,25.19,25.11,25.1,24.89,24.79,25.14,27.489,19.623,21.043000000000006,22.743000000000002,23.984,19.616,19.034,22.019,25.165,29.833,34.247,34.483000000000004,299.279,True,2
NAM,24.26,23.61,22.67,20.33,17.16,14.44,14.14,16.06,19.24,21.58,23.01,23.96,20.04,6.388,6.4590000000000005,5.549,2.208,0.265,0.133,0.042,0.05500000000000002,0.177,0.794,2.419,2.893,27.383000000000006,False,1
NCL,24.72,24.85,24.36,22.95,21.36,20.09,18.97,19.02,19.65,21.16,22.66,23.79,21.96,19.016,17.162,19.239,12.567,11.067,12.712,8.712,8.754999999999999,6.169,7.108,10.527,12.588,145.621,True,2
NER,19.05,21.91,26.01,30.29,32.73,32.79,31.24,30.32,30.35,28.47,23.66,20.04,27.24,0.001,0.04,0.046,0.121,0.609,1.6789999999999998,4.819,6.448,2.1420000000000003,0.175,0.002,0.0,16.080000000000002,False,1
NGA,24.6,27.01,29.13,29.89,28.94,27.31,25.85,25.38,25.93,26.78,25.92,24.67,26.78,0.34600000000000003,0.96,3.083,6.879,11.538,15.844,21.514,23.002,19.765,9.229,1.301,0.393,113.853,True,2
NIC,23.3,23.97,24.95,25.72,25.81,25.07,24.93,24.77,24.72,24.54,23.79,23.51,24.59,11.079,5.615,3.614,4.767,19.745,37.243,33.775,29.664,29.995,31.385,19.316,14.499,240.697,True,2
NLD,1.99,2.37,4.95,7.56,11.98,14.72,16.55,16.64,13.9,10.35,5.92,3.49,9.2,6.551,4.4590000000000005,6.011,4.674,5.606,6.641,7.32,6.5139999999999985,6.667000000000002,6.9239999999999995,7.702000000000001,7.536,76.607,False,3
NOR,-9.25,-8.74,-5.49,-1.14,4.78,9.53,11.64,10.49,6.42,1.64,-3.76,-7.07,0.75,9.315,7.043000000000001,7.318,5.340999999999998,5.535,7.148999999999999,9.124,9.486,11.705,12.25,10.418,10.501,105.184,False,3
NPL,4.16,5.63,10.02,14.25,16.82,18.83,18.81,18.59,17.35,13.73,9.16,5.57,12.74,2.021,3.037,3.984,5.34,9.582,21.261000000000006,36.357,29.94700000000001,20.384,6.072,1.034,1.624,140.64100000000002,False,0
NZL,14.94,15.05,13.6,10.72,7.58,5.26,4.57,5.72,7.61,9.67,11.53,13.46,9.98,13.913,10.815,14.705000000000002,14.177,16.02,15.46,16.14,16.252000000000002,16.148,15.937999999999999,14.323,15.203,179.095,False,3
OMN,19.92,20.78,23.4,26.72,29.47,30.05,28.69,27.61,27.45,26.25,23.83,21.29,25.45,0.6890000000000001,1.268,1.067,1.455,0.382,0.643,1.218,0.738,0.22000000000000008,0.332,0.362,0.446,8.821,False,1
PAK,8.67,10.67,16.01,21.59,25.85,28.98,28.66,27.62,25.28,20.86,15.25,10.33,19.98,2.0580000000000003,2.755,3.508,2.487,1.6829999999999998,1.4380000000000002,5.983,5.452000000000001,1.95,0.6970000000000001,0.657,1.431,30.101999999999997,False,1
PAN,24.18,24.53,25.44,25.7,25.56,24.85,25.12,24.71,24.34,24.3,23.96,23.99,24.72,6.135,3.499,3.655,11.52,29.642000000000003,25.826,23.277,27.158,27.29,41.91,32.504000000000005,16.285999999999998,248.70300000000003,True,2
PER,20.09,20.09,19.99,19.78,19.21,18.37,18.05,18.73,19.29,19.75,20.08,20.04,19.46,16.954,17.336000000000002,17.657,14.264,11.233,8.504000000000001,7.447999999999999,6.959999999999999,9.218,13.386,12.871,15.493,151.32399999999996,True,2
PHL,24.06,24.31,25.13,26.15,26.55,26.02,25.6,25.52,25.56,25.44,25.07,24.52,25.33,12.199000000000002,7.99,7.519,8.809999999999997,17.77,25.389,28.925,29.356,26.94,27.311,23.491,16.061,231.75900000000001,True,2
PNG,25.47,25.39,25.35,25.28,25.15,24.5,24.06,24.27,24.75,25.25,25.56,25.6,25.05,30.48500000000001,29.909,32.983000000000004,27.651999999999997,25.395,21.82,22.099,21.611,22.474,24.556,22.727,28.895,310.606,True,2
POL,-2.82,-1.38,2.65,7.41,12.98,15.95,17.52,17.18,13.33,8.77,3.42,-0.58,7.87,3.286,2.747,3.1060000000000003,3.8810000000000002,6.087999999999999,7.633999999999999,7.882999999999999,7.124,5.189,4.372999999999998,4.665,4.089,60.066,False,3
PRI,22.37,22.39,22.93,23.78,24.81,25.51,25.59,25.82,25.55,25.15,24.26,23.17,24.28,11.446,9.059,9.198,14.465,26.46,18.354,18.468,22.547,26.69100000000001,23.212,18.567,14.132,212.602,True,2
PRK,-13.11,-10.0,-2.81,5.72,11.95,16.47,20.08,20.04,14.08,7.18,-1.47,-9.85,4.86,1.2919999999999998,1.761,3.314,6.636,8.668000000000001,13.893,27.01100000000001,26.19700000000001,12.415,5.247999999999998,3.326,1.281,111.043,False,3
PRT,9.05,9.82,11.33,12.96,15.7,19.09,21.72,21.87,20.12,16.43,12.11,9.46,14.97,11.311,11.262,7.7239999999999975,7.1179999999999986,5.4220000000000015,3.55,1.085,1.17,4.1160000000000005,8.741,10.666,11.369000000000002,83.535,False,0
PRY,27.74,27.08,25.84,23.1,20.4,18.34,18.57,20.3,22.3,24.7,26.09,27.3,23.48,12.66,11.288,10.902,11.134,8.656,5.581,4.2360000000000015,3.849,5.922999999999999,10.745999999999999,12.534,11.88,109.389,True,2
QAT,17.27,18.31,21.78,26.09,31.12,33.88,34.85,34.5,32.43,29.12,24.34,19.31,26.92,1.1740000000000002,1.581,1.5539999999999998,1.095,0.078,0.02,0.036000000000000004,0.022,0.0,0.023,0.363,0.5780000000000001,6.522,False,1
REU,23.51,23.63,23.36,22.39,20.69,19.0,18.28,18.17,19.01,20.29,21.69,22.89,21.08,26.738000000000003,28.078000000000003,25.096,21.566,14.685,11.386,12.778,10.803,7.327000000000001,8.166,10.878,21.249000000000002,198.751,True,2
ROU,-3.73,-1.37,3.4,9.39,14.41,17.55,19.19,18.81,15.18,9.73,4.14,-0.97,8.81,3.692,3.516,3.608,5.191,7.593000000000001,9.289,7.968000000000001,6.4739999999999975,4.615,3.722,4.296,4.257,64.221,False,3
RUS,-27.0,-24.72,-16.57,-6.74,2.9,10.96,14.79,12.01,5.56,-5.33,-17.64,-24.07,-6.32,2.1590000000000003,1.662,1.775,2.396,3.446,5.162000000000001,6.542000000000002,6.2780000000000005,4.699,3.73,3.053,2.5789999999999997,43.48,False,3
RWA,19.02,19.24,19.25,19.04,18.9,18.56,18.6,19.28,19.34,19.21,18.83,18.86,19.01,9.197,10.259,13.932,16.641,11.219,2.786,1.106,4.093999999999999,9.199,11.697,14.931,11.22,116.28,True,2
SAU,15.35,17.14,20.6,24.53,28.89,31.59,32.04,32.08,30.21,25.85,20.83,16.7,24.65,0.619,0.591,1.177,1.632,0.8470000000000001,0.172,0.377,0.33399999999999996,0.094,0.213,0.696,0.589,7.3400000000000025,False,1
SDN,20.43,22.18,25.65,28.78,30.98,31.26,29.84,29.35,29.36,28.35,24.44,21.27,26.82,0.040999999999999995,0.057999999999999996,0.132,0.364,1.256,2.845,6.019,7.5120000000000005,3.692,1.279,0.136,0.06999999999999999,23.404,False,1
SEN,24.32,26.53,28.47,30.04,31.08,30.11,28.47,27.67,27.7,28.6,27.16,24.32,27.87,0.031,0.049,0.006,0.028000000000000004,1.107,6.876,15.546,22.418000000000006,17.862000000000005,5.89,0.278,0.018000000000000002,70.11,False,0
SJM,-18.31,-18.75,-17.88,-14.25,-6.32,0.08,4.1,2.72,-2.34,-8.36,-13.28,-17.13,-9.14,5.1770000000000005,5.006,5.3870000000000005,3.339,2.734,3.1180000000000003,4.04,5.1450000000000005,5.0539999999999985,4.892,5.016,5.393,54.301,False,3
SLB,26.34,26.07,25.95,25.73,25.51,25.1,24.61,24.85,25.52,26.0,26.11,26.32,25.68,35.097,33.455,35.232,26.226,23.184,19.082,26.147,23.913,21.714,21.704,22.611,27.372000000000003,315.737,True,2
SLE,25.19,26.94,27.65,27.74,26.93,25.93,24.95,24.84,25.39,25.87,26.0,25.12,26.04,0.48,1.491,3.5610000000000004,9.534,22.075,31.444000000000006,46.49100000000001,51.926,41.12,27.687,9.538,1.825,247.172,True,2
SLV,23.95,24.48,25.7,26.35,25.9,24.87,25.16,24.94,24.3,24.23,23.79,23.59,24.77,0.614,0.455,1.094,4.1880000000000015,17.490000000000002,30.199,25.677,27.448,34.224000000000004,20.292,4.569,1.031,167.28099999999995,True,2
SOM,25.03,25.85,27.16,28.0,28.09,27.87,27.11,27.13,27.68,26.67,25.62,25.0,26.77,0.237,0.333,1.015,5.846,5.392,1.5859999999999999,1.28,0.997,1.212,4.601,3.2990000000000004,0.738,26.535000000000004,False,1
SRB,-1.52,0.63,4.91,10.31,15.16,18.41,20.29,20.13,16.47,10.96,5.4,1.01,10.18,5.013,4.652,4.949,5.979,7.806,8.865,6.745,5.729,5.613,4.79,6.329,6.1770000000000005,72.646,False,0
SSD,26.44,27.94,29.3,29.19,27.9,26.41,25.45,25.45,25.93,26.55,26.47,26.1,26.93,0.238,0.6459999999999999,2.73,6.266,11.64,13.388,16.169,17.5,14.419,9.649,2.503,0.511,95.658,True,2
SUR,25.04,24.99,25.35,25.64,25.75,25.58,25.6,26.02,26.5,26.69,26.45,25.59,25.77,20.877,16.204,20.106,25.772,35.86400000000001,31.794,25.250999999999998,16.949,7.631,6.32,8.698,16.214000000000002,231.68099999999998,True,2
SVK,-4.17,-1.72,2.4,7.6,12.43,15.33,16.95,16.67,13.17,8.32,2.45,-2.19,7.27,4.32,4.227,4.245,5.351,8.134,10.113,9.328,8.692,5.8020000000000005,4.989,6.16,5.3889999999999985,76.752,False,3
SVN,-2.09,-0.13,3.38,7.58,12.16,15.4,17.38,16.94,13.87,9.21,3.58,-0.79,8.04,7.832999999999998,7.577000000000001,9.494,11.172,11.856,14.393,12.859000000000002,13.537,12.488,11.838,13.745,9.388,136.18099999999998,False,3
SWE,-10.07,-9.01,-4.98,0.19,6.45,11.74,13.51,12.12,7.64,2.79,-3.81,-8.03,1.55,4.475,3.3,3.5770000000000004,3.344,4.034000000000002,5.38,7.808,7.244,6.687,5.7200000000000015,5.612,4.9350000000000005,62.115,False,3
SWZ,24.2,23.99,23.06,20.69,18.35,15.72,15.91,17.62,19.77,20.62,21.78,23.26,20.41,13.038,12.699000000000002,8.529,5.005,1.993,0.984,0.925,1.847,4.14,8.355,10.855,11.468,79.837,True,2
SYR,6.12,7.95,11.46,16.37,21.49,25.99,28.73,28.44,25.2,19.6,12.74,7.67,17.65,5.385,4.578,4.43,3.375,1.401,0.183,0.035,0.031,0.115,1.791,3.162,5.152,29.637,False,1
TCD,20.66,23.1,26.55,29.55,31.03,30.75,29.26,28.21,28.36,27.23,23.8,21.29,26.65,0.021,0.13799999999999998,0.226,0.836,2.086,3.711,8.238999999999999,11.370999999999999,5.131,1.24,0.035,0.015,33.051,False,1
TGO,26.69,28.55,29.31,28.81,27.6,26.01,25.01,24.83,25.36,26.34,26.84,26.24,26.8,0.5429999999999999,1.855,6.3340000000000005,9.982,13.41,16.905,18.647,18.322,19.486,10.501,2.043,0.882,118.911,True,2
THA,23.1,25.21,27.38,28.89,28.32,27.58,27.19,26.93,26.73,26.2,24.6,22.85,26.25,1.37,1.643,3.533,8.232999999999999,19.743,19.91,20.522,24.699,25.86000000000001,16.829,7.88,3.0260000000000002,153.248,True,2
TJK,-10.2,-8.83,-3.08,3.44,7.49,12.3,15.38,14.71,10.25,4.0,-2.08,-7.08,3.03,5.252999999999999,5.7780000000000005,8.324,7.665000000000001,6.142,1.901,0.622,0.246,0.28500000000000003,3.219,4.2860000000000005,5.482,49.202,False,3
TKM,1.01,2.62,8.53,16.07,22.18,26.86,29.35,27.33,21.91,14.46,8.76,3.56,15.22,1.901,1.7990000000000002,2.859,2.528,1.491,0.353,0.313,0.153,0.2240000000000001,0.8440000000000001,1.319,1.892,15.675,False,1
TLS,25.46,25.47,25.36,25.18,24.81,24.08,23.81,24.06,24.66,25.34,25.76,25.61,24.97,20.163,18.515,17.187,8.086,10.078,6.3100000000000005,3.17,1.4769999999999999,1.793,4.471,10.728,22.0,123.977,True,2
TTO,24.72,24.85,25.38,26.12,26.6,26.15,26.06,26.31,26.52,26.41,26.02,25.22,25.86,7.418000000000001,4.495,4.057,6.0539999999999985,12.424,22.415,25.62,22.991999999999997,18.981,21.499000000000002,20.647,16.538,183.141,True,2
TUN,10.44,11.86,14.21,17.39,21.68,25.98,28.75,28.69,25.67,20.69,15.46,11.56,19.36,3.01,3.0420000000000003,3.141,2.239,1.41,0.758,0.233,0.655,2.175,3.463,3.032,3.55,26.709,False,1
TUR,-0.52,0.98,4.77,10.02,14.47,18.54,21.83,21.65,18.11,12.56,6.85,1.94,10.93,7.2010000000000005,6.109,6.056,6.2090000000000005,5.6450000000000005,3.3840000000000003,1.4580000000000002,1.2,1.746,4.41,5.867000000000001,8.043000000000001,57.328,False,0
TZA,23.05,23.21,23.18,22.64,21.73,20.34,20.1,20.99,22.3,23.41,23.53,23.18,22.31,14.948,14.147,17.941,17.686,6.4460000000000015,1.4,0.8190000000000001,0.807,1.587,3.3160000000000003,10.086,16.055,105.238,True,2
UGA,23.18,23.66,23.68,23.05,22.53,21.98,21.56,21.77,22.11,22.48,22.54,22.61,22.6,3.733,5.404,10.12,15.187000000000001,14.142,8.587,9.176,11.707,12.247,12.835,11.811,5.8409999999999975,120.79,True,2
UKR,-5.15,-3.69,1.18,9.09,15.09,18.42,19.95,19.34,14.78,8.63,2.81,-1.98,8.21,4.009,3.492,3.265,4.067,5.136,7.006,7.185,5.394,4.35,3.289,4.256,4.73,56.178999999999995,False,3
URY,23.9,23.37,21.26,17.88,14.84,11.77,11.79,12.78,14.33,16.95,19.62,22.3,17.57,11.414,12.802,11.529000000000002,9.793,9.673,8.982000000000003,10.522,9.578,10.334,10.795,10.339,9.286,125.048,False,0
USA,-6.31,-4.29,0.06,5.87,12.09,17.12,19.94,18.85,14.41,7.7,0.38,-4.76,6.75,4.46,4.197,5.14,4.9110000000000005,6.009,6.449,6.5779999999999985,6.5150000000000015,6.147,4.941,5.064,5.043,65.454,False,3
UZB,-3.03,-1.55,5.38,14.1,20.42,25.34,27.71,25.31,19.55,11.63,5.36,0.03,12.52,2.138,2.023,3.372,3.2710000000000004,1.926,0.5479999999999999,0.33,0.145,0.238,1.247,1.7120000000000002,2.233,19.182,False,1
VCT,25.31,25.3,25.9,26.68,27.72,27.92,27.61,27.7,27.61,27.32,26.88,25.89,26.82,7.362999999999999,5.182,4.735,5.384,9.087,15.791,19.597,21.50800000000001,20.659,19.514,17.66,12.117,158.597,True,2
VEN,25.03,25.56,26.13,26.14,25.61,24.8,24.62,24.9,25.24,25.43,25.39,24.98,25.32,5.0630000000000015,4.6,5.8370000000000015,13.154000000000002,22.913,29.65,29.273000000000003,26.72900000000001,20.219,17.072,13.209,8.048,195.765,True,2
VIR,23.94,24.1,24.47,25.23,26.05,26.72,26.87,27.13,27.15,26.67,25.86,24.72,25.74,14.583000000000002,9.322,8.439,14.158,21.934,18.221,17.380000000000006,21.286,24.994,23.537,21.217,18.076,213.147,True,2
VNM,19.46,20.6,22.06,25.25,26.83,27.09,27.17,26.88,26.06,24.61,22.42,20.39,24.07,3.733,2.584,3.9939999999999998,7.348000000000001,16.79,22.848000000000006,25.025,26.418000000000006,26.637,23.687,17.076,7.376,183.516,True,2
VUT,25.33,25.44,25.23,24.48,23.52,22.79,22.24,22.22,22.49,23.26,24.28,24.81,23.84,34.120999999999995,31.785000000000004,34.245,26.828000000000003,18.942,18.492,14.47,14.937999999999999,13.55,17.435,19.377,22.029,266.211,True,2
YEM,18.35,19.25,20.82,23.55,25.86,27.8,26.98,26.78,26.13,23.02,20.3,19.04,23.16,0.657,0.866,1.433,2.515,1.589,0.914,2.893,2.5660000000000003,0.96,0.46299999999999997,0.8949999999999999,0.902,16.654,False,1
ZAF,23.19,22.66,21.1,17.74,14.24,11.16,11.07,12.97,16.03,18.31,20.48,22.2,17.6,6.725,6.566,6.042000000000002,4.008,1.843,1.5419999999999998,1.278,1.771,2.222,4.257,5.507999999999999,5.7159999999999975,47.478,False,1
ZMB,22.89,22.94,22.9,21.91,19.58,17.36,17.07,19.47,22.92,24.67,24.19,23.11,21.58,22.409,19.809,15.474,5.078,0.46799999999999997,0.037000000000000005,0.005,0.023,0.363,3.2030000000000003,11.156,22.45,100.475,True,2
ZWE,23.9,23.49,22.92,21.15,18.4,15.79,15.64,17.9,21.37,23.74,24.23,23.85,21.03,15.218,13.624,7.633999999999999,3.2510000000000003,0.807,0.3670000000000001,0.198,0.24100000000000002,0.6970000000000001,2.739,7.598000000000001,14.524000000000001,66.89699999999999,False,0
